,precision,recall,f1-score,support
0,0.8412602849688943,0.8953438701409654,0.8674599068804967,4682.0
1,0.5181907571288102,0.3998482549317147,0.45139186295503214,1318.0
accuracy,0.7865,0.7865,0.7865,0.7865
macro avg,0.6797255210488522,0.6475960625363401,0.6594258849177644,6000.0
weighted avg,0.7702926786866893,0.7865,0.7760636265648697,6000.0
