,precision,recall,f1-score,support
0,0.8398723484137414,0.9555745407945323,0.8939954041362773,4682.0
1,0.6909361069836553,0.3528072837632777,0.46710195881466604,1318.0
accuracy,0.8231666666666667,0.8231666666666667,0.8231666666666667,0.8231666666666667
macro avg,0.7654042276986983,0.654190912278905,0.6805486814754717,6000.0
weighted avg,0.8071560207129325,0.8231666666666667,0.8002211439806299,6000.0
