,precision,recall,f1-score,support
0,0.8448012232415902,0.9440410081161896,0.8916683477910026,4682.0
1,0.6588541666666666,0.38391502276176026,0.48513902205177367,1318.0
accuracy,0.821,0.821,0.821,0.821
macro avg,0.7518276949541285,0.6639780154389749,0.6884036849213881,6000.0
weighted avg,0.8039548531472988,0.821,0.8023674059036188,6000.0
