,precision,recall,f1-score,support
0,0.8274319791278419,0.9483126868859462,0.8837579617834395,4682.0
1,0.6182965299684543,0.29742033383915023,0.40163934426229514,1318.0
accuracy,0.8053333333333333,0.8053333333333333,0.8053333333333333,0.8053333333333333
macro avg,0.7228642545481481,0.6228665103625481,0.6426986530228673,6000.0
weighted avg,0.7814918921291631,0.8053333333333333,0.7778525721346282,6000.0
