,precision,recall,f1-score,support
0,0.8430922311519327,0.9410508329773601,0.8893823173193379,4682.0
1,0.6434108527131783,0.37784522003034904,0.4760994263862333,1318.0
accuracy,0.8173333333333334,0.8173333333333334,0.8173333333333334,0.8173333333333334
macro avg,0.7432515419325555,0.6594480265038546,0.6827408718527856,6000.0
weighted avg,0.7992288883548863,0.8173333333333334,0.7985978422776994,6000.0
