,precision,recall,f1-score,support
0,0.8193769133801548,0.971806920119607,0.8891060087933561,4682.0
1,0.7046979865771812,0.23899848254931716,0.35694050991501414,1318.0
accuracy,0.8108333333333333,0.8108333333333333,0.8108333333333333,0.8108333333333333
macro avg,0.762037449978668,0.6054027013344621,0.6230232593541851,6000.0
weighted avg,0.7941857757924349,0.8108333333333333,0.772206987539747,6000.0
